handle,url
alphafries,https://x.com/alphafries
kingmakerxbt,https://x.com/kingmakerxbt
Yangxiao214,https://x.com/Yangxiao214
_0xzhang,https://x.com/_0xzhang
juesaiquan,https://x.com/juesaiquan
TheVoldron,https://x.com/TheVoldron
mutu_1987,https://x.com/mutu_1987
ibraxbt,https://x.com/ibraxbt
NotVanGogh88,https://x.com/NotVanGogh88
xeogy92298766,https://x.com/xeogy92298766
zizai3ro,https://x.com/zizai3ro
unsynned,https://x.com/unsynned
nlgcf69515952,https://x.com/nlgcf69515952
bearzverse,https://x.com/bearzverse
