account,avatar_url,updated_at,source
4626fun,https://unavatar.io/twitter/4626fun,2026-06-17T18:16:40.825Z,browser-tg
Fixels_ETH,https://unavatar.io/twitter/Fixels_ETH,2026-06-17T18:16:40.825Z,browser-tg
hothandsdotfun,https://unavatar.io/twitter/hothandsdotfun,2026-06-17T18:16:40.825Z,browser-tg
LectogramHQ,https://unavatar.io/twitter/LectogramHQ,2026-06-17T18:16:40.825Z,browser-tg
Robindogenft,https://unavatar.io/twitter/Robindogenft,2026-06-17T18:16:40.825Z,browser-tg
Robinhookv4,https://unavatar.io/twitter/Robinhookv4,2026-06-17T18:16:40.825Z,browser-tg
ScreenCharm,https://unavatar.io/twitter/ScreenCharm,2026-06-17T18:16:40.825Z,browser-tg
Troll_,https://unavatar.io/twitter/Troll_,2026-06-17T18:16:40.825Z,browser-tg
voidpadv4,https://unavatar.io/twitter/voidpadv4,2026-06-17T18:16:40.825Z,browser-tg
