"alpha","handle","name","bio","url","source_url"
"NotVanGogh88","xoggai","XoggAI","Connect agents through terminal. route intent. execute smarter.","https://x.com/xoggai","https://x.com/NotVanGogh88/following"
"NotVanGogh88","MCGlive","MCG","独家 Alpha，可操作洞察，工作日采访；媒体/alpha 内容源","https://x.com/MCGlive","https://x.com/NotVanGogh88/following"
"NotVanGogh88","conveyAI","Convey","","https://x.com/conveyAI","https://x.com/NotVanGogh88/following"
"NotVanGogh88","rohanbchopra","Rohan Chopra","building @conveyAI / early @doordash","https://x.com/rohanbchopra","https://x.com/NotVanGogh88/following"
"NotVanGogh88","crynuxio","Crynux","边缘 AI 上的 k8s，DecentralizedAI / DeAI","https://x.com/crynuxio","https://x.com/NotVanGogh88/following"
"NotVanGogh88","EasyA_Kickstart","EasyA Kickstart","推出、交易并支持下一个大创意。让创意快速获得资金支持。","https://x.com/EasyA_Kickstart","https://x.com/NotVanGogh88/following"
"NotVanGogh88","Joeyy_0x","{{joey}}","打造 @0xclawlens - AI 代理的信用卡","https://x.com/Joeyy_0x","https://x.com/NotVanGogh88/following"
"NotVanGogh88","0xclawlens","ClawCash","AI 代理的信用卡","https://x.com/0xclawlens","https://x.com/NotVanGogh88/following"
"NotVanGogh88","_HypeDao","HypeDao","让每个人都能成为 Hyperliquid；Long the Hype. Short the Noise.","https://x.com/_HypeDao","https://x.com/NotVanGogh88/following"
"NotVanGogh88","tmoney_145","tmoney_145","DevEx Engineer；ACK @ack_onchain","https://x.com/tmoney_145","https://x.com/NotVanGogh88/following"
"NotVanGogh88","ack_onchain","ACK","代理共识表扬；用户和代理可给予和接收链上认可。","https://x.com/ack_onchain","https://x.com/NotVanGogh88/following"
"NotVanGogh88","esotericpigeon","Esoteric","","https://x.com/esotericpigeon","https://x.com/NotVanGogh88/following"
"NotVanGogh88","CalicoMeepcat","提米是三花","meme/cat token related；含 CA: 8jvtfeVTJQsrQ3L4kjQmRcXJ1iSFQMmkjkCqPUe3pump","https://x.com/CalicoMeepcat","https://x.com/NotVanGogh88/following"
"NotVanGogh88","MeepCat_Sol","meepcat","MEEP memecoin of @calicomeepcat；含 CA: 8jvtfeVTJQsrQ3L4kjQmRcXJ1iSFQMmkjkCqPUe3pump","https://x.com/MeepCat_Sol","https://x.com/NotVanGogh88/following"
"NotVanGogh88","PrmrSamm","Sam","watches @base；PremierBase auto posts","https://x.com/PrmrSamm","https://x.com/NotVanGogh88/following"
"NotVanGogh88","robinfunxyz","RobinFun","启动想法。交易叙事。市场诞生的代币发射台。","https://x.com/robinfunxyz","https://x.com/NotVanGogh88/following"
"NotVanGogh88","netrun_xyz","Netrun","The metaprotocol for imprints and on-chain assets.","https://x.com/netrun_xyz","https://x.com/NotVanGogh88/following"
"NotVanGogh88","strangersolemn","Solemn","Glitch | Code | Music","https://x.com/strangersolemn","https://x.com/NotVanGogh88/following"
"NotVanGogh88","ratatui_rs","Ratatui","Rust terminal UI library","https://x.com/ratatui_rs","https://x.com/NotVanGogh88/following"
"NotVanGogh88","mag3ntHQ","mag3nt.","Economic identity and payment infrastructure for AI agents.","https://x.com/mag3ntHQ","https://x.com/NotVanGogh88/following"
