alpha,handle
alphafries,BlastarLabs
alphafries,unknown_v4hook
alphafries,pulsev4hook
alphafries,Hooties_eth
alphafries,reyn_fi_
alphafries,pigeon_hq
alphafries,Ferals_nft
alphafries,nightborneth
alphafries,antegames_
alphafries,EthCowz
alphafries,PunkRot_Art
alphafries,GalleryExe
kingmakerxbt,bitfish
kingmakerxbt,satofishi
kingmakerxbt,infragrid
kingmakerxbt,yimotapirRX
kingmakerxbt,Ferals_nft
kingmakerxbt,orbitaldotinc
kingmakerxbt,TheCynicsNFT
kingmakerxbt,Poke_Pixl
kingmakerxbt,Cheese_Chain
kingmakerxbt,Trader_CSK
kingmakerxbt,Inception_Data
kingmakerxbt,leveragecpu
Yangxiao214,0xCryptoSkunks
Yangxiao214,OrbiesProtocol
Yangxiao214,gumonchain
Yangxiao214,Foorgexyz
Yangxiao214,ERROR_PUNKS
Yangxiao214,NinjiCollective
Yangxiao214,MansChads
Yangxiao214,MutantOwls
Yangxiao214,arcfunapp
Yangxiao214,onmidotfun
Yangxiao214,MinizenHQ
Yangxiao214,slugsoffable
_0xzhang,pullbattle
_0xzhang,domodata
_0xzhang,rodarmor
_0xzhang,gabe_subfrost
_0xzhang,btcpizzafinance
_0xzhang,Slabzapp
_0xzhang,playnemoverse
_0xzhang,CryptoNataNata
_0xzhang,LUO4562580
_0xzhang,flapmoons
_0xzhang,bioforms_eth
_0xzhang,0xsatoshisarah
juesaiquan,StarbaseBNB
juesaiquan,Heroes13458123
juesaiquan,0cculum
juesaiquan,BtcBravocados
juesaiquan,qubitornetwork
juesaiquan,figurexyz
juesaiquan,KyberNetwork
juesaiquan,lapis_eth
juesaiquan,PlayDiggers
juesaiquan,pokepredi
juesaiquan,playfarmtown
juesaiquan,flapmoons
TheVoldron,UpOnlyAi_
TheVoldron,UPO_UFO
TheVoldron,verloonbase
TheVoldron,PrometheusInc
TheVoldron,roboindexio
TheVoldron,verulink
TheVoldron,svmexchange
TheVoldron,zhad0_io
TheVoldron,Basis_Watch
TheVoldron,0xEmaxis
TheVoldron,Sirius_Protocol
TheVoldron,fablehooks
mutu_1987,hey_wallet
mutu_1987,kitonbill
mutu_1987,sa1tdotfun
mutu_1987,HeresMyEth
mutu_1987,zero3xyz
mutu_1987,mferGPT
mutu_1987,cardcentergg
mutu_1987,PlayDiggers
mutu_1987,usekb1
mutu_1987,marmoxyz
mutu_1987,singleserver
mutu_1987,saitohote
ibraxbt,c8ntinuum
ibraxbt,pillheadddd
ibraxbt,chaserdotgg
ibraxbt,hyporliquid
ibraxbt,trioma_ai
ibraxbt,rohunvora
ibraxbt,Bertietheboat
ibraxbt,StarbaseBNB
ibraxbt,loaddotgame
ibraxbt,marmoxyz
ibraxbt,cardcentergg
ibraxbt,SlurryApp
NotVanGogh88,andrewmccalip
NotVanGogh88,ALASKANmagpie
NotVanGogh88,BigBlueBots
NotVanGogh88,aixbibi
NotVanGogh88,Moxingege
NotVanGogh88,btcpizzafinance
NotVanGogh88,_decantrade
NotVanGogh88,dungeonlabs_app
NotVanGogh88,CryptoNataNata
NotVanGogh88,ironwagh
NotVanGogh88,ziwenxu_
NotVanGogh88,lionsgate_club
