alpha_account,followed_account
TheVoldron,definedfi
TheVoldron,cultureANON
TheVoldron,poptyedev
TheVoldron,RobinhoodApp
TheVoldron,RYex_finance
TheVoldron,EmbrasureAI
TheVoldron,NestUSD
TheVoldron,secure_rob
TheVoldron,octrahub
TheVoldron,MagnoFinance
TheVoldron,taliseio
TheVoldron,opheliaapi
TheVoldron,chogfun
TheVoldron,mmorpg_fun
TheVoldron,playdaimyo
TheVoldron,PlayMegaCity
TheVoldron,trybountyai
TheVoldron,memecraftpf
TheVoldron,Eldorim_xyz
TheVoldron,roodcoin
TheVoldron,dave_krugman
TheVoldron,BoogaTooth
TheVoldron,DeHighFlyers
TheVoldron,EthashNetwork
TheVoldron,TheGuy_Club
TheVoldron,emergent_inc
TheVoldron,PipelineMarkets
TheVoldron,playrootedacres
TheVoldron,harvy_gg
TheVoldron,RocX_official
TheVoldron,Paymeme_
