alpha_account,followed_account,display_name,bio
kingmakerxbt,tacitlabsco,tacit labs,Tacit 是一家应用研究实验室，位于人工智能与生命科学交叉的领域
kingmakerxbt,face_east_,face,face eastwards
kingmakerxbt,urugemu,Urufu Gēmu,sheeps claim wolves raid a chibi v4 hooks experiment
kingmakerxbt,fgr77x,fgr,The world reflects you back
kingmakerxbt,cryptokillua99,Killua,Founder Phant0mTr0up3
kingmakerxbt,bleed_v4,BLEED,$BLEED on Uniswap v4. The pool bleeds. You farm the wound.
kingmakerxbt,traversymedia,Brad Traversy,全栈网页开发者与教育者
kingmakerxbt,thearcosai,Arcos,Autonomous AI on arc Rewarding every conversation
kingmakerxbt,rbhd_inscribe,Robinscribe,RobinhoodApp 链上的首批链上铭文。RBNH-20 calldata
kingmakerxbt,DegenhoodL2,Degenhood,The first mintable token on Robinhood Chain.
kingmakerxbt,KitsuRobinhood,KITSU,Adopted by CEO and Co-Founder of Robinhood Vlad
kingmakerxbt,rbrc20,rbrc,Robinhood 链上的第一个铭文标准
kingmakerxbt,bullyvhook,BULLY,$BULLY 是一个 Uniswap v4 模因代币，带有实时反射钩子
kingmakerxbt,robinhood_rats,Hood Rats,完全链上像素老鼠的殖民地，在 RobinhoodApp 上
kingmakerxbt,Robin_Punks,RobinPunks,The First Punks on RobinhoodApp
kingmakerxbt,theunipcs,Unipcs,Bonk Guy
kingmakerxbt,hiden,avery,.eth persistencedao
kingmakerxbt,Robinhookv4,RobinHOOK,on-chain objects on RobinhoodApp chain // built on Uniswap v4 hook
kingmakerxbt,Robinoscription,Robinhood Inscriptions,RobinhoodApp 上的首个铭文协议 ROBI-20
kingmakerxbt,useconic,Conic,Conic runs your organic marketing from strategy to execution.
